{
    "name": "root",
    "metadata": {
        "timer_format_version": "0.1.0",
        "start_time_seconds": "1683792534",
        "python_version": "3.9.16 (main, Mar  8 2023, 10:39:24) [MSC v.1916 64 bit (AMD64)]",
        "command_line_arguments": "C:\\ProgramData\\Anaconda3\\envs\\tf_gpu\\Scripts\\mlagents-learn D:\\Unity_projects\\Basics_imitation\\basic_imitation.yaml --run-id=imitation_test07",
        "mlagents_version": "0.30.0",
        "mlagents_envs_version": "0.30.0",
        "communication_protocol_version": "1.5.0",
        "pytorch_version": "2.0.0",
        "numpy_version": "1.21.2",
        "end_time_seconds": "1683792712"
    },
    "total": 178.6508343,
    "count": 1,
    "self": 0.002964800000000878,
    "children": {
        "run_training.setup": {
            "total": 0.05924130000000005,
            "count": 1,
            "self": 0.05924130000000005
        },
        "TrainerController.start_learning": {
            "total": 178.58862820000002,
            "count": 1,
            "self": 0.3710394000010808,
            "children": {
                "TrainerController._reset_env": {
                    "total": 4.870935900000001,
                    "count": 1,
                    "self": 4.870935900000001
                },
                "TrainerController.advance": {
                    "total": 173.26710399999894,
                    "count": 40248,
                    "self": 0.3634857000000977,
                    "children": {
                        "env_step": {
                            "total": 165.3736483999997,
                            "count": 40248,
                            "self": 149.90733570000162,
                            "children": {
                                "SubprocessEnvManager._take_step": {
                                    "total": 15.227122299999486,
                                    "count": 40249,
                                    "self": 1.204527099998412,
                                    "children": {
                                        "TorchPolicy.evaluate": {
                                            "total": 14.022595200001074,
                                            "count": 40152,
                                            "self": 14.022595200001074
                                        }
                                    }
                                },
                                "workers": {
                                    "total": 0.23919039999858516,
                                    "count": 40247,
                                    "self": 0.0,
                                    "children": {
                                        "worker_root": {
                                            "total": 103.10662929999957,
                                            "count": 40247,
                                            "is_parallel": true,
                                            "self": 40.298078299999034,
                                            "children": {
                                                "steps_from_proto": {
                                                    "total": 0.0003394999999999371,
                                                    "count": 2,
                                                    "is_parallel": true,
                                                    "self": 0.00011610000000050746,
                                                    "children": {
                                                        "_process_rank_one_or_two_observation": {
                                                            "total": 0.0002233999999994296,
                                                            "count": 4,
                                                            "is_parallel": true,
                                                            "self": 0.0002233999999994296
                                                        }
                                                    }
                                                },
                                                "UnityEnvironment.step": {
                                                    "total": 62.80821150000053,
                                                    "count": 40247,
                                                    "is_parallel": true,
                                                    "self": 1.384433700000912,
                                                    "children": {
                                                        "UnityEnvironment._generate_step_input": {
                                                            "total": 1.1572178999994644,
                                                            "count": 40247,
                                                            "is_parallel": true,
                                                            "self": 1.1572178999994644
                                                        },
                                                        "communicator.exchange": {
                                                            "total": 56.941605299999615,
                                                            "count": 40247,
                                                            "is_parallel": true,
                                                            "self": 56.941605299999615
                                                        },
                                                        "steps_from_proto": {
                                                            "total": 3.324954600000539,
                                                            "count": 40247,
                                                            "is_parallel": true,
                                                            "self": 1.5654402000014649,
                                                            "children": {
                                                                "_process_rank_one_or_two_observation": {
                                                                    "total": 1.759514399999074,
                                                                    "count": 80494,
                                                                    "is_parallel": true,
                                                                    "self": 1.759514399999074
                                                                }
                                                            }
                                                        }
                                                    }
                                                }
                                            }
                                        }
                                    }
                                }
                            }
                        },
                        "trainer_advance": {
                            "total": 7.52996989999915,
                            "count": 40247,
                            "self": 0.37127959999779847,
                            "children": {
                                "process_trajectory": {
                                    "total": 1.664797400001353,
                                    "count": 40247,
                                    "self": 1.664797400001353
                                },
                                "_update_policy": {
                                    "total": 5.493892899999999,
                                    "count": 4,
                                    "self": 2.5474056000001077,
                                    "children": {
                                        "TorchPPOOptimizer.update": {
                                            "total": 2.946487299999891,
                                            "count": 768,