{
    "name": "root",
    "gauges": {
        "AgentCube.Policy.Entropy.mean": {
            "value": 1.411933183670044,
            "min": 1.411933183670044,
            "max": 1.4137911796569824,
            "count": 2
        },
        "AgentCube.Policy.Entropy.sum": {
            "value": 84761.171875,
            "min": 84761.171875,
            "max": 84834.5390625,
            "count": 2
        },
        "AgentCube.Step.mean": {
            "value": 119971.0,
            "min": 59939.0,
            "max": 119971.0,
            "count": 2
        },
        "AgentCube.Step.sum": {
            "value": 119971.0,
            "min": 59939.0,
            "max": 119971.0,
            "count": 2
        },
        "AgentCube.Policy.ExtrinsicValueEstimate.mean": {
            "value": -284.8664855957031,
            "min": -284.8664855957031,
            "max": -132.67767333984375,
            "count": 2
        },
        "AgentCube.Policy.ExtrinsicValueEstimate.sum": {
            "value": -267204.75,
            "min": -453094.25,
            "max": -267204.75,
            "count": 2
        },
        "AgentCube.Environment.EpisodeLength.mean": {
            "value": 17.09507313317937,
            "min": 17.09507313317937,
            "max": 17.09507313317937,
            "count": 1
        },
        "AgentCube.Environment.EpisodeLength.sum": {
            "value": 44413.0,
            "min": 44413.0,
            "max": 44413.0,
            "count": 1
        },
        "AgentCube.Environment.CumulativeReward.mean": {
            "value": -70.50192450270275,
            "min": -70.50192450270275,
            "max": -70.50192450270275,
            "count": 1
        },
        "AgentCube.Environment.CumulativeReward.sum": {
            "value": -183163.99985802174,
            "min": -183163.99985802174,
            "max": -183163.99985802174,
            "count": 1
        },
        "AgentCube.Policy.ExtrinsicReward.mean": {
            "value": -70.50192450270275,
            "min": -70.50192450270275,
            "max": -70.50192450270275,
            "count": 1
        },
        "AgentCube.Policy.ExtrinsicReward.sum": {
            "value": -183163.99985802174,
            "min": -183163.99985802174,
            "max": -183163.99985802174,
            "count": 1
        },
        "AgentCube.Losses.PolicyLoss.mean": {
            "value": 0.07409156510073531,
            "min": 0.06971778836426287,
            "max": 0.07409156510073531,
            "count": 2
        },
        "AgentCube.Losses.PolicyLoss.sum": {
            "value": 0.5186409557051471,
            "min": 0.4880245185498401,
            "max": 0.5186409557051471,
            "count": 2
        },
        "AgentCube.Losses.ValueLoss.mean": {
            "value": 34.26074531248638,
            "min": 34.26074531248638,
            "max": 346.9944659244447,
            "count": 2
        },
        "AgentCube.Losses.ValueLoss.sum": {
            "value": 239.82521718740463,
            "min": 239.82521718740463,
            "max": 2428.9612614711127,
            "count": 2
        },
        "AgentCube.Policy.LearningRate.mean": {
            "value": 0.0002922347168741428,
            "min": 0.0002922347168741428,
            "max": 0.00029718253563303267,
            "count": 2
        },
        "AgentCube.Policy.LearningRate.sum": {
            "value": 0.0020456430181189996,
            "min": 0.0020456430181189996,
            "max": 0.0020802777494312286,
            "count": 2
        },
        "AgentCube.Policy.Epsilon.mean": {
            "value": 0.19741157142857144,
            "min": 0.19741157142857144,
            "max": 0.1990608448979592,
            "count": 2
        },
        "AgentCube.Policy.Epsilon.sum": {
            "value": 1.3818810000000001,
            "min": 1.3818810000000001,
            "max": 1.3934259142857144,
            "count": 2
        },
        "AgentCube.Policy.Beta.mean": {
            "value": 0.009741415985714286,
            "min": 0.009741415985714286,
            "max": 0.009906178405306122,
            "count": 2
        },
        "AgentCube.Policy.Beta.sum": {
            "value": 0.0681899119,
            "min": 0.0681899119,
            "max": 0.06934324883714285,
            "count": 2
        },
        "AgentCube.IsTraining.mean": {
            "value": 1.0,
            "min": 1.0,
            "max": 1.0,
            "count": 2
        },
        "AgentCube.IsTraining.sum": {
            "value": 1.0,
            "min": 1.0,
            "max": 1.0,
            "count": 2
        }
    },
    "metadata": {
        "timer_format_version": "0.1.0",
        "start_time_seconds": "1683794482",
        "python_version": "3.9.16 (main, Mar  8 2023, 10:39:24) [MSC v.1916 64 bit (AMD64)]",
        "command_line_arguments": "C:\\ProgramData\\Anaconda3\\envs\\tf_gpu\\Scripts\\mlagents-learn D:\\Unity_projects\\Basics_imitation\\basic_imitation.yaml --run-id=imitation_test10",
        "mlagents_version": "0.30.0",
        "mlagents_envs_version": "0.30.0",
        "communication_protocol_version": "1.5.0",
        "pytorch_version": "2.0.0",
        "numpy_version": "1.21.2",
        "end_time_seconds": "1683795097"
    },
    "total": 614.1386911,
    "count": 1,
    "self": 10.002821400000016,
    "children": {
        "run_training.setup": {
            "total": 0.05410639999999978,
            "count": 1,
            "self": 0.05410639999999978
        },
        "TrainerController.start_learning": {
            "total": 604.0817632999999,
            "count": 1,
            "self": 1.6639614999847936,
            "children": {
                "TrainerController._reset_env": {
                    "total": 6.136505999999999,
                    "count": 1,
                    "self": 6.136505999999999
                },
                "TrainerController.advance": {
                    "total": 596.210582400015,
                    "count": 178870,
                    "self": 1.536511100016014,
                    "children": {
                        "env_step": {
                            "total": 554.9640878000072,
                            "count": 178870,
                            "self": 491.5099633000051,
                            "children": {
                                "SubprocessEnvManager._take_step": {
                                    "total": 62.40379269999123,
                                    "count": 178872,
                                    "self": 5.158350299983368,
                                    "children": {
                                        "TorchPolicy.evaluate": {
                                            "total": 57.24544240000786,
                                            "count": 176325,
                                            "self": 57.24544240000786
                                        }
                                    }
                                },
                                "workers": {
                                    "total": 1.050331800010861,
                                    "count": 178869,
                                    "self": 0.0,
                                    "children": {
                                        "worker_root": {
                                            "total": 444.4360963000086,
                                            "count": 178869,
                                            "is_parallel": true,
                                            "self": 177.92386919999944,
                                            "children": {
                                                "steps_from_proto": {
                                                    "total": 0.0003547000000025946,
                                                    "count": 2,
                                                    "is_parallel": true,