{
    "name": "root",
    "metadata": {
        "timer_format_version": "0.1.0",
        "start_time_seconds": "1683801890",
        "python_version": "3.9.16 (main, Mar  8 2023, 10:39:24) [MSC v.1916 64 bit (AMD64)]",
        "command_line_arguments": "C:\\ProgramData\\Anaconda3\\envs\\tf_gpu\\Scripts\\mlagents-learn D:\\Unity_projects\\Basics_imitation\\basic_imitation.yaml --run-id=imitation_test21",
        "mlagents_version": "0.30.0",
        "mlagents_envs_version": "0.30.0",
        "communication_protocol_version": "1.5.0",
        "pytorch_version": "2.0.0",
        "numpy_version": "1.21.2",
        "end_time_seconds": "1683801897"
    },
    "total": 6.8404465,
    "count": 1,
    "self": 0.005560599999998139,
    "children": {
        "run_training.setup": {
            "total": 0.05497410000000036,
            "count": 1,
            "self": 0.05497410000000036
        },
        "TrainerController.start_learning": {
            "total": 6.779911800000001,
            "count": 1,
            "self": 5.270000000123787e-05,
            "children": {
                "TrainerController._reset_env": {
                    "total": 6.7792391,
                    "count": 1,
                    "self": 6.742238,
                    "children": {
                        "demo_to_buffer": {
                            "total": 0.037001099999999454,
                            "count": 1,
                            "self": 2.129999999844756e-05,
                            "children": {
                                "load_demonstration": {
                                    "total": 0.0009012000000012677,
                                    "count": 1,
                                    "self": 0.0008631000000001166,
                                    "children": {
                                        "read_file": {
                                            "total": 3.81000000011511e-05,
                                            "count": 1,
                                            "self": 3.81000000011511e-05
                                        }
                                    }
                                },
                                "make_demo_buffer": {
                                    "total": 0.03607859999999974,
                                    "count": 1,
                                    "self": 0.007862299999999323,
                                    "children": {
                                        "steps_from_proto": {
                                            "total": 0.028216300000000416,
                                            "count": 842,
                                            "self": 0.017994399999990307,
                                            "children": {
                                                "_process_rank_one_or_two_observation": {
                                                    "total": 0.010221900000010109,
                                                    "count": 1684,
                                                    "self": 0.010221900000010109
                                                }
                                            }
                                        }
                                    }
                                }
                            }
                        }
                    }
                },
                "TrainerController._save_models": {
                    "total": 0.0006199999999996209,
                    "count": 1,
                    "self": 9.8100000000656e-05,
                    "children": {
                        "RLTrainer._checkpoint": {
                            "total": 0.0005218999999989649,
                            "count": 1,
                            "self": 0.0005218999999989649
                        }
                    }
                }
            }
        }
    }
}