{
    "name": "root",
    "metadata": {
        "timer_format_version": "0.1.0",
        "start_time_seconds": "1683801744",
        "python_version": "3.9.16 (main, Mar  8 2023, 10:39:24) [MSC v.1916 64 bit (AMD64)]",
        "command_line_arguments": "C:\\ProgramData\\Anaconda3\\envs\\tf_gpu\\Scripts\\mlagents-learn D:\\Unity_projects\\Basics_imitation\\basic_imitation.yaml --run-id=imitation_test20",
        "mlagents_version": "0.30.0",
        "mlagents_envs_version": "0.30.0",
        "communication_protocol_version": "1.5.0",
        "pytorch_version": "2.0.0",
        "numpy_version": "1.21.2",
        "end_time_seconds": "1683801751"
    },
    "total": 7.0850871,
    "count": 1,
    "self": 0.005286100000000182,
    "children": {
        "run_training.setup": {
            "total": 0.056989499999999804,
            "count": 1,
            "self": 0.056989499999999804
        },
        "TrainerController.start_learning": {
            "total": 7.0228114999999995,
            "count": 1,
            "self": 4.989999999871486e-05,
            "children": {
                "TrainerController._reset_env": {
                    "total": 7.0220827,
                    "count": 1,
                    "self": 6.9832353000000005,
                    "children": {
                        "demo_to_buffer": {
                            "total": 0.038847399999999865,
                            "count": 1,
                            "self": 2.749999999984709e-05,
                            "children": {
                                "load_demonstration": {
                                    "total": 0.001947799999999944,
                                    "count": 1,
                                    "self": 0.0019065000000004773,
                                    "children": {
                                        "read_file": {
                                            "total": 4.129999999946676e-05,
                                            "count": 1,
                                            "self": 4.129999999946676e-05
                                        }
                                    }
                                },
                                "make_demo_buffer": {
                                    "total": 0.036872100000000074,
                                    "count": 1,
                                    "self": 0.008042000000033411,
                                    "children": {
                                        "steps_from_proto": {
                                            "total": 0.028830099999966663,
                                            "count": 842,
                                            "self": 0.018441999999955883,
                                            "children": {
                                                "_process_rank_one_or_two_observation": {
                                                    "total": 0.01038810000001078,
                                                    "count": 1684,
                                                    "self": 0.01038810000001078
                                                }
                                            }
                                        }
                                    }
                                }
                            }
                        }
                    }
                },
                "TrainerController._save_models": {
                    "total": 0.0006789000000004819,
                    "count": 1,
                    "self": 0.00010319999999985896,
                    "children": {
                        "RLTrainer._checkpoint": {
                            "total": 0.0005757000000006229,
                            "count": 1,
                            "self": 0.0005757000000006229
                        }
                    }
                }
            }
        }
    }
}