{
    "name": "root",
    "metadata": {
        "timer_format_version": "0.1.0",
        "start_time_seconds": "1683795380",
        "python_version": "3.9.16 (main, Mar  8 2023, 10:39:24) [MSC v.1916 64 bit (AMD64)]",
        "command_line_arguments": "C:\\ProgramData\\Anaconda3\\envs\\tf_gpu\\Scripts\\mlagents-learn D:\\Unity_projects\\Basics_imitation\\basic_imitation.yaml --run-id=imitation_test11",
        "mlagents_version": "0.30.0",
        "mlagents_envs_version": "0.30.0",
        "communication_protocol_version": "1.5.0",
        "pytorch_version": "2.0.0",
        "numpy_version": "1.21.2",
        "end_time_seconds": "1683795398"
    },
    "total": 17.3662158,
    "count": 1,
    "self": 10.003024,
    "children": {
        "run_training.setup": {
            "total": 0.05880619999999981,
            "count": 1,
            "self": 0.05880619999999981
        },
        "TrainerController.start_learning": {
            "total": 7.3043856,
            "count": 1,
            "self": 0.0011290000000148126,
            "children": {
                "TrainerController._reset_env": {
                    "total": 6.3820464999999995,
                    "count": 1,
                    "self": 6.3820464999999995
                },
                "TrainerController.advance": {
                    "total": 0.8355170999999864,
                    "count": 102,
                    "self": 0.0009721999999801056,
                    "children": {
                        "env_step": {
                            "total": 0.8309818999999976,
                            "count": 102,
                            "self": 0.7819267000000014,
                            "children": {
                                "SubprocessEnvManager._take_step": {
                                    "total": 0.04844980000000554,
                                    "count": 102,
                                    "self": 0.0035423999999988354,
                                    "children": {
                                        "TorchPolicy.evaluate": {
                                            "total": 0.0449074000000067,
                                            "count": 102,
                                            "self": 0.0449074000000067
                                        }
                                    }
                                },
                                "workers": {
                                    "total": 0.0006053999999906523,
                                    "count": 101,
                                    "self": 0.0,
                                    "children": {
                                        "worker_root": {
                                            "total": 0.8594816000000041,
                                            "count": 101,
                                            "is_parallel": true,
                                            "self": 0.13306770000000867,
                                            "children": {
                                                "steps_from_proto": {
                                                    "total": 0.00017040000000001498,
                                                    "count": 1,
                                                    "is_parallel": true,
                                                    "self": 5.9100000000533726e-05,
                                                    "children": {
                                                        "_process_rank_one_or_two_observation": {
                                                            "total": 0.00011129999999948126,
                                                            "count": 2,
                                                            "is_parallel": true,
                                                            "self": 0.00011129999999948126
                                                        }
                                                    }
                                                },
                                                "UnityEnvironment.step": {
                                                    "total": 0.7262434999999954,
                                                    "count": 101,
                                                    "is_parallel": true,
                                                    "self": 0.003948100000002341,
                                                    "children": {
                                                        "UnityEnvironment._generate_step_input": {
                                                            "total": 0.003506299999994411,
                                                            "count": 101,
                                                            "is_parallel": true,
                                                            "self": 0.003506299999994411
                                                        },
                                                        "communicator.exchange": {
                                                            "total": 0.7091272000000046,
                                                            "count": 101,
                                                            "is_parallel": true,
                                                            "self": 0.7091272000000046
                                                        },
                                                        "steps_from_proto": {
                                                            "total": 0.009661899999994006,
                                                            "count": 101,
                                                            "is_parallel": true,
                                                            "self": 0.004419399999990858,
                                                            "children": {
                                                                "_process_rank_one_or_two_observation": {
                                                                    "total": 0.005242500000003147,
                                                                    "count": 202,
                                                                    "is_parallel": true,
                                                                    "self": 0.005242500000003147
                                                                }
                                                            }
                                                        }
                                                    }
                                                }
                                            }
                                        }
                                    }
                                }
                            }
                        },
                        "trainer_advance": {
                            "total": 0.0035630000000086426,
                            "count": 101,
                            "self": 0.0008505999999979252,
                            "children": {
                                "process_trajectory": {
                                    "total": 0.0027124000000107173,
                                    "count": 101,
                                    "self": 0.0027124000000107173
                                }
                            }
                        }
                    }
                },
                "TrainerController._save_models": {
                    "total": 0.08569299999999913,
                    "count": 1,
                    "self": 0.018435799999998892,
                    "children": {
                        "RLTrainer._checkpoint": {
                            "total": 0.06725720000000024,
                            "count": 1,