{
    "name": "root",
    "gauges": {
        "AgentCube.Policy.Entropy.mean": {
            "value": 0.1167697012424469,
            "min": 0.1167697012424469,
            "max": 1.471831202507019,
            "count": 58
        },
        "AgentCube.Policy.Entropy.sum": {
            "value": 7004.080078125,
            "min": 7004.080078125,
            "max": 88248.0546875,
            "count": 58
        },
        "AgentCube.Step.mean": {
            "value": 3479952.0,
            "min": 59988.0,
            "max": 3479952.0,
            "count": 58
        },
        "AgentCube.Step.sum": {
            "value": 3479952.0,
            "min": 59988.0,
            "max": 3479952.0,
            "count": 58
        },
        "AgentCube.Policy.ExtrinsicValueEstimate.mean": {
            "value": 77.60538482666016,
            "min": -192.5039520263672,
            "max": 77.60538482666016,
            "count": 58
        },
        "AgentCube.Policy.ExtrinsicValueEstimate.sum": {
            "value": 81330.4453125,
            "min": -202321.65625,
            "max": 81330.4453125,
            "count": 58
        },
        "AgentCube.Policy.GailValueEstimate.mean": {
            "value": 13.552617073059082,
            "min": 1.6826013326644897,
            "max": 72.27335357666016,
            "count": 58
        },
        "AgentCube.Policy.GailValueEstimate.sum": {
            "value": 14203.142578125,
            "min": 2258.051025390625,
            "max": 75959.296875,
            "count": 58
        },
        "AgentCube.Environment.EpisodeLength.mean": {
            "value": 281.6056338028169,
            "min": 46.30133752950433,
            "max": 281.6056338028169,
            "count": 58
        },
        "AgentCube.Environment.EpisodeLength.sum": {
            "value": 59982.0,
            "min": 58179.0,
            "max": 60938.0,
            "count": 58
        },
        "AgentCube.Environment.CumulativeReward.mean": {
            "value": 358.40141478574503,
            "min": -447.9770333082482,
            "max": 358.40141478574503,
            "count": 58
        },
        "AgentCube.Environment.CumulativeReward.sum": {
            "value": 75981.09993457794,
            "min": -93627.19996142387,
            "max": 81617.50003051758,
            "count": 58
        },
        "AgentCube.Policy.ExtrinsicReward.mean": {
            "value": 358.40141478574503,
            "min": -447.9770333082482,
            "max": 358.40141478574503,
            "count": 58
        },
        "AgentCube.Policy.ExtrinsicReward.sum": {
            "value": 75981.09993457794,
            "min": -93627.19996142387,
            "max": 81617.50003051758,
            "count": 58
        },
        "AgentCube.Policy.GailReward.mean": {
            "value": 66.25448304492946,
            "min": 10.823158304567917,
            "max": 246.69291099421696,
            "count": 58
        },
        "AgentCube.Policy.GailReward.sum": {
            "value": 14045.950405525044,
            "min": 10569.096395059965,
            "max": 51558.81839779134,
            "count": 58
        },
        "AgentCube.Losses.PolicyLoss.mean": {
            "value": 0.0698353192748679,
            "min": 0.06515642029340338,
            "max": 0.09851584688190737,
            "count": 58
        },
        "AgentCube.Losses.PolicyLoss.sum": {
            "value": 0.5586825541989432,
            "min": 0.4560949420538236,
            "max": 0.6896109281733516,
            "count": 58
        },
        "AgentCube.Losses.ValueLoss.mean": {
            "value": 6.3260515116465585,
            "min": 4.82825123465487,
            "max": 472.85333195291594,
            "count": 58
        },
        "AgentCube.Losses.ValueLoss.sum": {
            "value": 50.60841209317247,
            "min": 33.797758642584085,
            "max": 3309.9733236704114,
            "count": 58
        },
        "AgentCube.Policy.LearningRate.mean": {
            "value": 4.295809282382145e-06,
            "min": 4.295809282382145e-06,
            "max": 0.0002971639111494449,
            "count": 58
        },
        "AgentCube.Policy.LearningRate.sum": {
            "value": 3.436647425905716e-05,
            "min": 3.436647425905716e-05,
            "max": 0.0022561040193939137,
            "count": 58
        },
        "AgentCube.Policy.Epsilon.mean": {
            "value": 0.10143190357142857,
            "min": 0.10143190357142857,
            "max": 0.1990546367346939,
            "count": 58
        },
        "AgentCube.Policy.Epsilon.sum": {
            "value": 0.8114552285714286,
            "min": 0.7223524000000001,
            "max": 1.5520346571428574,
            "count": 58
        },
        "AgentCube.Policy.Beta.mean": {
            "value": 0.00015304716678571438,
            "min": 0.00015304716678571438,
            "max": 0.009905558209795917,
            "count": 58
        },
        "AgentCube.Policy.Beta.sum": {
            "value": 0.001224377334285715,
            "min": 0.001224377334285715,
            "max": 0.07520826224857144,
            "count": 58
        },
        "AgentCube.Policy.GAILPolicyEstimate.mean": {
            "value": 0.27312319214494585,
            "min": 0.21850496264440675,
            "max": 0.33236383071302306,
            "count": 58
        },
        "AgentCube.Policy.GAILPolicyEstimate.sum": {
            "value": 2.184985537159567,
            "min": 1.5295347385108473,
            "max": 2.465598181122914,
            "count": 58
        },
        "AgentCube.Policy.GAILExpertEstimate.mean": {
            "value": 0.7631939732236788,
            "min": 0.6917906431037755,
            "max": 0.769686857947991,
            "count": 58
        },
        "AgentCube.Policy.GAILExpertEstimate.sum": {
            "value": 6.10555178578943,
            "min": 4.842534501726428,
            "max": 6.10555178578943,
            "count": 58
        },
        "AgentCube.Losses.GAILLoss.mean": {
            "value": 0.6621949325975341,
            "min": 0.6295948656541961,
            "max": 0.9739599842441715,
            "count": 58
        },
        "AgentCube.Losses.GAILLoss.sum": {
            "value": 5.297559460780273,
            "min": 4.407164059579372,
            "max": 7.660746967730423,
            "count": 58
        },
        "AgentCube.Policy.GAILGradMagLoss.mean": {
            "value": 1.3770245525520295,
            "min": 1.369404615124776,
            "max": 7.066562408989384,
            "count": 58
        },
        "AgentCube.Policy.GAILGradMagLoss.sum": {
            "value": 11.016196420416236,
            "min": 9.585832305873433,
            "max": 49.46593686292569,
            "count": 58
        },
        "AgentCube.Losses.PretrainingLoss.mean": {
            "value": 0.0,
            "min": 0.0,
            "max": 1.2749513678607485,
            "count": 58
        },
        "AgentCube.Losses.PretrainingLoss.sum": {
            "value": 0.0,
            "min": 0.0,
            "max": 9.99920533100764,
            "count": 58
        },
        "AgentCube.IsTraining.mean": {
            "value": 1.0,
            "min": 1.0,
            "max": 1.0,
            "count": 58
        },
        "AgentCube.IsTraining.sum": {
            "value": 1.0,
            "min": 1.0,
            "max": 1.0,
            "count": 58
        }
    },
    "metadata": {
        "timer_format_version": "0.1.0",
        "start_time_seconds": "1683801922",
        "python_version": "3.9.16 (main, Mar  8 2023, 10:39:24) [MSC v.1916 64 bit (AMD64)]",
        "command_line_arguments": "C:\\ProgramData\\Anaconda3\\envs\\tf_gpu\\Scripts\\mlagents-learn D:\\Unity_projects\\Basics_imitation\\basic_imitation.yaml --run-id=imitation_test22",
        "mlagents_version": "0.30.0",
        "mlagents_envs_version": "0.30.0",
        "communication_protocol_version": "1.5.0",
        "pytorch_version": "2.0.0",