{
    "name": "root",
    "gauges": {
        "AgentCube.Policy.Entropy.mean": {
            "value": 0.3933248519897461,
            "min": 0.3933248519897461,
            "max": 1.7538694143295288,
            "count": 70
        },
        "AgentCube.Policy.Entropy.sum": {
            "value": 19743.333984375,
            "min": 19717.486328125,
            "max": 87553.1640625,
            "count": 70
        },
        "AgentCube.Environment.EpisodeLength.mean": {
            "value": 95.18482490272373,
            "min": 8.296523517382413,
            "max": 362.87603305785126,
            "count": 70
        },
        "AgentCube.Environment.EpisodeLength.sum": {
            "value": 48925.0,
            "min": 43908.0,
            "max": 52414.0,
            "count": 70
        },
        "AgentCube.Step.mean": {
            "value": 3499944.0,
            "min": 49981.0,
            "max": 3499944.0,
            "count": 70
        },
        "AgentCube.Step.sum": {
            "value": 3499944.0,
            "min": 49981.0,
            "max": 3499944.0,
            "count": 70
        },
        "AgentCube.Policy.ExtrinsicValueEstimate.mean": {
            "value": 19.225372314453125,
            "min": -1671.3533935546875,
            "max": 118.05140686035156,
            "count": 70
        },
        "AgentCube.Policy.ExtrinsicValueEstimate.sum": {
            "value": 19840.583984375,
            "min": -1551016.0,
            "max": 253456.375,
            "count": 70
        },
        "AgentCube.Policy.GailValueEstimate.mean": {
            "value": 7.181645393371582,
            "min": -2.1711585521698,
            "max": 159.8688201904297,
            "count": 70
        },
        "AgentCube.Policy.GailValueEstimate.sum": {
            "value": 7411.4580078125,
            "min": -5679.7509765625,
            "max": 137966.796875,
            "count": 70
        },
        "AgentCube.Environment.CumulativeReward.mean": {
            "value": 86.05719828698422,
            "min": -1285.171428819903,
            "max": 93.19275834478181,
            "count": 70
        },
        "AgentCube.Environment.CumulativeReward.sum": {
            "value": 44233.39991950989,
            "min": -188920.20003652573,
            "max": 90096.20053100586,
            "count": 70
        },
        "AgentCube.Policy.ExtrinsicReward.mean": {
            "value": 86.05719828698422,
            "min": -1285.171428819903,
            "max": 93.19275834478181,
            "count": 70
        },
        "AgentCube.Policy.ExtrinsicReward.sum": {
            "value": 44233.39991950989,
            "min": -188920.20003652573,
            "max": 90096.20053100586,
            "count": 70
        },
        "AgentCube.Policy.GailReward.mean": {
            "value": 19.90849593028803,
            "min": 2.8240876575495366,
            "max": 437.2583791969229,
            "count": 70
        },
        "AgentCube.Policy.GailReward.sum": {
            "value": 10232.966908168048,
            "min": 3539.4334142606976,
            "max": 52908.26388282767,
            "count": 70
        },
        "AgentCube.Losses.PolicyLoss.mean": {
            "value": 0.06665846533966639,
            "min": 0.06665846533966639,
            "max": 0.34902640296948245,
            "count": 70
        },
        "AgentCube.Losses.PolicyLoss.sum": {
            "value": 0.3999507920379983,
            "min": 0.3999507920379983,
            "max": 2.0941584178168946,
            "count": 70
        },
        "AgentCube.Losses.ValueLoss.mean": {
            "value": 11.284593540761206,
            "min": 6.552099339663983,
            "max": 5006.820302380455,
            "count": 70
        },
        "AgentCube.Losses.ValueLoss.sum": {
            "value": 67.70756124456723,
            "min": 39.3125960379839,
            "max": 30040.921814282734,
            "count": 70
        },
        "AgentCube.Policy.LearningRate.mean": {
            "value": 2.1466278559190496e-06,
            "min": 2.1466278559190496e-06,
            "max": 0.00029751334368602854,
            "count": 70
        },
        "AgentCube.Policy.LearningRate.sum": {
            "value": 1.2879767135514299e-05,
            "min": 1.2879767135514299e-05,
            "max": 0.0017850800621161712,
            "count": 70
        },
        "AgentCube.Policy.Epsilon.mean": {
            "value": 0.10071550952380953,
            "min": 0.10071550952380953,
            "max": 0.1991711142857143,
            "count": 70
        },
        "AgentCube.Policy.Epsilon.sum": {
            "value": 0.6042930571428572,
            "min": 0.6042930571428572,
            "max": 1.265011057142857,
            "count": 70
        },
        "AgentCube.Policy.Beta.mean": {
            "value": 8.147940142857152e-05,
            "min": 8.147940142857152e-05,
            "max": 0.00991719431714286,
            "count": 70
        },
        "AgentCube.Policy.Beta.sum": {
            "value": 0.0004888764085714291,
            "min": 0.0004888764085714291,
            "max": 0.059503165902857154,
            "count": 70
        },
        "AgentCube.Policy.GAILPolicyEstimate.mean": {
            "value": 0.2842832118945403,
            "min": 0.04302840274006788,
            "max": 0.37708463082607424,
            "count": 70
        },
        "AgentCube.Policy.GAILPolicyEstimate.sum": {
            "value": 1.7056992713672419,
            "min": 0.2581704164404073,
            "max": 2.5081936442293227,
            "count": 70
        },
        "AgentCube.Policy.GAILExpertEstimate.mean": {
            "value": 0.7685005140180389,
            "min": 0.7159126601181924,
            "max": 0.9167131203123264,
            "count": 70
        },
        "AgentCube.Policy.GAILExpertEstimate.sum": {
            "value": 4.6110030841082335,
            "min": 4.295475960709155,
            "max": 6.190097236074507,
            "count": 70
        },
        "AgentCube.Losses.GAILLoss.mean": {
            "value": 0.6801559449070029,
            "min": 0.22109024350841835,
            "max": 0.989267191487468,
            "count": 70
        },
        "AgentCube.Losses.GAILLoss.sum": {
            "value": 4.080935669442018,
            "min": 1.3265414610505102,
            "max": 6.354770479723811,
            "count": 70
        },
        "AgentCube.Policy.GAILGradMagLoss.mean": {
            "value": 1.4360270915139053,
            "min": 1.4360270915139053,
            "max": 9.140366251269977,
            "count": 70
        },
        "AgentCube.Policy.GAILGradMagLoss.sum": {
            "value": 8.616162549083432,
            "min": 8.616162549083432,
            "max": 54.842197507619865,
            "count": 70
        },
        "AgentCube.Losses.PretrainingLoss.mean": {
            "value": 0.0,
            "min": 0.0,
            "max": 2.24435524476899,
            "count": 70
        },
        "AgentCube.Losses.PretrainingLoss.sum": {
            "value": 0.0,
            "min": 0.0,
            "max": 15.048624873161316,
            "count": 70
        },
        "AgentCube.IsTraining.mean": {
            "value": 1.0,
            "min": 1.0,
            "max": 1.0,
            "count": 70
        },
        "AgentCube.IsTraining.sum": {
            "value": 1.0,
            "min": 1.0,
            "max": 1.0,
            "count": 70
        }
    },
    "metadata": {
        "timer_format_version": "0.1.0",
        "start_time_seconds": "1717136415",
        "python_version": "3.9.16 (main, Mar  8 2023, 10:39:24) [MSC v.1916 64 bit (AMD64)]",
        "command_line_arguments": "C:\\ProgramData\\Anaconda3\\envs\\tf_gpu\\Scripts\\mlagents-learn configuration_gail.yaml --force",
        "mlagents_version": "0.30.0",
        "mlagents_envs_version": "0.30.0",
        "communication_protocol_version": "1.5.0",
        "pytorch_version": "2.0.0",
        "numpy_version": "1.21.2",